country;code;population;gdp_per_capita
Afghanistan;AFG;32526562;594.323.081.219.966
Albania;ALB;2889167;394.521.758.150.914
Algeria;ALG;39666519;420.603.123.244.958
American Samoa;ASA;55538;
Andorra;AND;70473;
Angola;ANG;25021974;410.147.215.182.964
Antigua and Barbuda;ANT;91818;137.147.319.616.988
Argentina;ARG;43416755;134.318.783.398.577
Armenia;ARM;3017712;348.912.768.956.995
Aruba;ARU;103889;
Australia;AUS;23781169;563.109.629.933.721
Austria;AUT;8611088;43.774.985.173.612
Azerbaijan;AZE;9651349;549.634.464.026.248
Bahamas;BAH;388019;228.172.308.572.518
Bahrain;BRN;1377237;226.002.140.981.035
Bangladesh;BAN;160995642;121.170.153.057.661
Barbados;BAR;284215;154.293.404.640.853
Belarus;BLR;9513000;574.045.649.479.562
Belgium;BEL;11285721;403.240.277.657.215
Belize;BIZ;359287;487.872.126.724.745
Bermuda;BER;65235;
Benin;BEN;10879829;762.051.205.441.965
Bhutan;BHU;774830;265.599.889.161.858
Bolivia;BOL;10724705;307.679.181.060.881
Bosnia and Herzegovina;BIH;3810416;42.493.303.131.949
Botswana;BOT;2262485;636.013.822.018.837
Brazil;BRA;207847528;85.385.899.749.574
British Virgin Islands;IVB;30117;
Brunei;BRU;423188;305.547.296.658.073
Bulgaria;BUL;7177991;699.347.735.975.728
Burkina Faso;BUR;18105570;589.774.414.136.617
Burundi;BDI;11178921;277.068.309.170.914
Cambodia;CAM;15577899;11.586.899.035.244
Cameroon;CMR;23344179;121.726.067.048.427
Canada;CAN;35851774;43.248.529.909.341
Cape Verde;CPV;520502;308.017.881.445.563
Cayman Islands;CAY;59967;
Central African Republic;CAF;4900274;323.201.674.024.141
Chad;CHA;14037472;775.695.090.525.313
Chile;CHI;17948141;134.162.300.390.185
China;CHN;1371220000;802.768.381.013.907
Colombia;COL;48228704;605.614.771.720.405
Comoros;COM;788474;717.448.849.960.912
Republic of the Congo;CGO;4620330;185.119.991.555.492
Democratic Republic of the Congo; Dem Rep;COD;77266814
Cook Islands;COK;;
Costa Rica;CRC;4807850;112.600.921.598.775
Croatia;CRO;4224404;115.358.293.558.997
Cuba;CUB;11389562;
Cyprus;CYP;1165300;232.428.400.685.313
Czech Republic;CZE;10551219;175.483.382.129.701
Denmark;DEN;5676002;519.892.934.712.354
Djibouti;DJI;887861;194.512.429.310.444
Dominica;DMA;72680;711.638.639.189.547
Dominican Republic;DOM;10528391;64.684.734.915.433
Ecuador;ECU;16144363;620.506.414.529.951
Egypt;EGY;91508084;361.474.676.616.271
El Salvador;ESA;6126583;421.935.032.953.932
Equatorial Guinea;GEQ;845060;144.395.944.478.516
Eritrea;ERI;;
Estonia;EST;1311998;171.185.042.003.236
Ethiopia;ETH;99390750;619.169.406.475.891
Fiji;FIJ;892145;496.051.995.438.419
Finland;FIN;5482013;423.110.362.306.446
France;FRA;66808385;362.055.681.017.036
Gabon;GAB;1725292;82.664.456.050.624
The Gambia;GAM;1990924;471.537.195.472.347
Georgia;GEO;3679000;379.597.330.845.042
Germany;GER;81413145;413.133.139.945.434
Ghana;GHA;27409893;136.970.112.227.585
Greece;GRE;10823732;180.022.305.776.688
Grenada;GRN;106825;921.202.035.173.484
Guam;GUM;169885;
Guatemala;GUA;16342897;390.347.885.604.613
Guinea;GUI;12608590;531.320.595.188.714
Guinea-Bissau;GBS;1844325;572.988.428.543.071
Guyana;GUY;767085;412.735.101.806.198
Haiti;HAI;10711067;818.343.297.634.549
Honduras;HON;8075060;252.889.354.988.523
Hong Kong;HKG;7305700;423.278.399.570.345
Hungary;HUN;9844686;123.635.434.596.539
Iceland;ISL;330823;501.733.399.156.473
India;IND;1311050527;159.825.903.421.916
Indonesia;INA;257563815;334.648.703.949.478
Iran;IRI;79109272;
Iraq;IRQ;36423395;494.376.038.832.056
Ireland;IRL;4640703;61.133.672.427.322
Israel;ISR;8380400;357.280.934.951.515
Italy;ITA;60802085;299.578.043.154.372
Jamaica;JAM;2725941;523.202.458.271.187
Japan;JPN;126958472;324.772.151.449.234
Jordan;JOR;7594547;494.004.583.574.111
Kazakhstan;KAZ;17544126;105.099.810.699.442
Kenya;KEN;46050302;137.671.282.894.881
North Korea; North;PRK;25155317
South Korea; South;KOR;50617045
Kyrgyzstan;KGZ;5957000;11.032.153.515.202
Laos;LAO;6802023;181.844.137.293.236
Latvia;LAT;1978440;136.485.475.564.772
Lebanon;LIB;5850743;804.764.508.557.496
Lesotho;LES;2135022;106.698.562.625.017
Liberia;LBR;4503438;455.873.934.536.237
Libya;LBA;6278438;
Liechtenstein;LIE;37531;
Lithuania;LTU;2910199;141.470.493.792.403
Luxembourg;LUX;569676;101.449.968.168.042
Macedonia;MKD;2078453;48.526.578.476.699
Madagascar;MAD;24235390;401.836.006.029.745
Malawi;MAW;17215232;371.985.747.810.344
Malaysia;MAS;30331007;976.832.686.011.881
Maldives;MDV;409163;839.578.519.750.383
Mali;MLI;17599694;724.256.283.193.304
Malta;MLT;431333;225.961.817.742.659
Mauritania;MTN;4067564;
Mauritius;MRI;1262605;925.211.072.429.051
Mexico;MEX;127017224;900.502.426.497.766
Federated States of Micronesia;FSM;104460;301.523.166.762.397
Moldova;MDA;3554150;184.806.180.430.428
Monaco;MON;37731;
Mongolia;MGL;2959134;396.782.938.559.498
Morocco;MAR;34377511;287.820.134.215.919
Mozambique;MOZ;27977863;529.242.556.068.943
Myanmar;MYA;53897154;116.148.815.791.087
Namibia;NAM;2458830;467.356.724.769.495
Nauru;NRU;10222;982.754.428.148.233
Nepal;NEP;28513700;743.322.965.726.435
Netherlands;NED;16936520;44.299.768.085.383
New Zealand;NZL;4595700;378.079.672.760.442
Nicaragua;NCA;6082032;208.689.500.277.099
Niger;NIG;19899120;358.958.152.040.005
Nigeria;NGR;182201962;26.402.907.388.575
Norway;NOR;5195921;744.003.697.770.928
Oman;OMA;4490541;155.506.762.514.328
Pakistan;PAK;188924874;143.469.666.504.969
Palau;PLW;21291;13.498.661.406.228
Palestine; Occupied Territories;PLE;
Panama;PAN;3929141;132.681.137.549.335
Papua New Guinea;PNG;7619321;
Paraguay;PAR;6639123;408.095.144.785.437
Peru;PER;31376670;602.712.585.529.551
Philippines;PHI;100699395;290.420.208.191.528
Poland;POL;37999494;125.545.475.536.313
Portugal;POR;10348648;192.221.500.764.153
Puerto Rico;PUR;3474182;
Qatar;QAT;2235355;736.533.944.346.574
Romania;ROM;19832389;897.292.251.840.971
Russia;RUS;144096812;909.258.053.606.884
Rwanda;RWA;11609666;69.734.822.808.289
Saint Kitts and Nevis;SKN;55572;157.719.455.041.308
Saint Lucia;LCA;184999;773.591.048.440.102
Saint Vincent and the Grenadines;VIN;109462;673.917.483.286.945
Samoa;SAM;193228;393.854.884.570.316
San Marino;SMR;31781;
Saudi Arabia;KSA;31540372;204.817.453.220.484
Senegal;SEN;15129273;899.579.879.484.977
Serbia;SCG;7098247;523.514.220.696.525
Seychelles;SEY;92900;1.547.601.944.443
Sierra Leone;SLE;6453184;653.131.815.940.648
Singapore;SIN;5535002;528.887.446.717.529
Slovakia;SVK;5424050;160.882.775.872.723
Slovenia;SLO;2063768;207.265.398.863.708
Solomon Islands;SOL;583591;193.485.629.287.353
Somalia;SOM;10787104;549.266.976.567.576
South Africa;RSA;54956920;572.397.335.690.212
Spain;ESP;46418269;258.315.823.052.954
Sri Lanka;SRI;20966000;392.617.439.589.454
Sudan;SUD;40234882;241.472.360.102.858
Suriname;SUR;542975;948.531.924.429.496
Swaziland;SWZ;1286970;320.014.301.756.487
Sweden;SWE;9798871;505.796.736.486.777
Switzerland;SUI;8286976;809.450.792.194.742
Syria;SYR;18502413;
Tajikistan;TJK;8481855;92.591.188.767.081
Tanzania;TAN;53470420;87.897.510.552.608
Thailand;THA;67959359;581.476.976.382.355
Togo;TOG;7304578;559.635.876.661.945
Tonga;TGA;106170;409.854.392.925.825
Trinidad and Tobago;TRI;1360088;17.321.884.675.056
Tunisia;TUN;11107800;387.251.208.364.171
Turkey;TUR;78665830;912.568.758.972.936
Turkmenistan;TKM;5373502;667.247.754.417.351
Uganda;UGA;39032383;705.292.569.535.068
Ukraine;UKR;45198200;211.495.471.628.444
United Arab Emirates;UAE;9156963;404.387.629.344.394
Great Britain;GBR;65138232;438.759.696.143.686
United States;USA;321418820;561.157.184.261.955
Uruguay;URU;3431555;155.739.009.191.818
Uzbekistan;UZB;31299500;213.207.036.847.857
Vanuatu;VAN;264652;280.531.464.353.567
Venezuela;VEN;31108083;
Vietnam;VIE;91703800;211.113.802.366.815
Virgin Islands;ISV;103574;
Yemen;YEM;26832215;14.062.916.511.457
Zambia;ZAM;16211767;130.487.901.447.726
Zimbabwe;ZIM;15602751;924.143.819.253.412
